"";"10-Yard Fight ; Irem ; Nintendo" 
"";"100 Man Dollar Kid: Maboroshi no Teiou Hen" 
"";"1942Capcom" 
"";"1943: The Battle of MidwayCapcom" 
"";"" 
"";"1999: Hore, Mitakotoka! SeikimatsuCoconutsJapão" 
"";"" 
"";"4ninuchi MahjongNintendoJapão" 
"";"720°Atari" 
"";"8 EyesSeta Corporation" 
"";"'89 Dennou Kyuusei UranaiInduction ProduceJapão" 
"";"" 
"";"A Ressha de IkouPony CanyonJapão" 
"";"Aa Yakyu Jinsei IcchokusenSammy StudiosJapão" 
"";"Abarenbou TenguMeldacZombie Nation" 
"";"Aces: Iron Eagle IIIPack-In-VideoJapão" 
"";"Advanced Dungeons and Dragons: Dragons of FlamePony CanyonJapão" 
"";"Advanced Dungeons and Dragons: Heroes of the LancePony Canyon" 
"";"Advanced Dungeons and Dragons: HillsfarPony Canyon" 
"";"Advanced Dungeons & Dragons: Pool of RadiancePony Canyon" 
"";"Adventures of LoloHALThe Adventures of Lolo 2" 
"";"Adventures of Lolo 2HALThe Adventures of Lolo 3" 
"";"Hudson Soft" 
"";"Hudson SoftMattel" 
"";"" 
"";"Adventures of Tom SawyerSeta" 
"";"After Burner IISunSoft" 
"";"Ai Sensei no Oshiete: Watashi no HoshiIremJapão" 
"";"Aigina no Yogen: From the Legend of BalubaloukVic TokaiJapão" 
"";"Air FortressHAL" 
"";"Kyugo Boueki" 
"";"Akagawa Jirou no Yuurei ResshaKing RecordsJapão" 
"";"AkakageToei AnimationJapão" 
"";"AkiraTaitoJapão" 
"";"Akuma no ShoutaijouKemcoUninvited" 
"";"Akuma-kun: Makai no WanaBandaiJapão" 
"";"Akumajou DensetsuKonamiCastlevania III: Dracula's Curse" 
"";"Akumajou DraculaKonamiCastlevania" 
"";"Akumajou Special - Boku Dracula KunKonamiJapãoAlucardCastlevania" 
"";"Alien SyndromeSunsoftTengen" 
"";"America Daitouryou SenkyoHectorJapão" 
"";"America Oudan Ultra Quiz: Shijou Saidai no TatakaiTomyJapão" 
"";"American DreamCoconutsJapão" 
"";"American FootballK Amusement LeasingJapão" 
"";"Ankoku Shinwa: Yamato Takeru DensetsuTokyo ShosekiJapão" 
"";"Antarctic AdventureKonamiJapãoKekkyoku Nankyoku Daibouken" 
"";"Aoki Ookami to Shiroki Mejika: Genchou HishiKoeiJapão" 
"";"Aoki Ookami to Shiroki Mejika: Genghis KhanKoeiGenghis Khan" 
"";"Arabian Dream SherezaadoCulture BrainThe Magic of Scheherazade" 
"";"Arctic: Active Rail PlayingPony CanyonJapão" 
"";"Argos no SenshiTecmoRygar" 
"";"ArgusJalecoJapão" 
"";"ArmadilloIGSJapão" 
"";"ArteliusNihon BussonJapão" 
"";"Asmik Kun LandAsmik AceJapão" 
"";"ASO: Armored Scrum ObjectSNKAlpha Mission" 
"";"Astro Fang: Super MachineA WaveJapão" 
"";"Astro Robo SasaAsciiJapão" 
"";"AthenaSNK" 
"";"Atlantis no NazoSunsoftJapãoprototipo" 
"";"Attack Animal GakuenPony CanyonJapão" 
"";"Attack of the Killer TomatoesTHQ" 
"";"" 
"";"B-WingsData EastJapão" 
"";"Babel no TouNamcoJapão" 
"";"Baken Hisshou Gaku - Gate InK AmusementJapão" 
"";"Bakushou! Star Monomane ShitennouPack-In-VideoJapão" 
"";"Bakushou!! Ai no GekijouCoconuts JapanJapão" 
"";"Bakushou!! Jinsei GekijouTaitoJapão" 
"";"Bakushou!! Jinsei Gekijou 2TaitoJapão" 
"";"Bakushou!! Jinsei Gekijou 3TaitoJapão" 
"";"BallblazerPony CanyonJapan" 
"";"Balloon FightNintendo" 
"";"BaltronToei AnimationJapão" 
"";"BananaVictor InteractiveJapão" 
"";"Bananan Ouji no DaiboukenTakaraJapãoAlemanha" 
"";"Barcode WorldSunsoftJapão" 
"";"Bard's Tale: Tales of the UnknownPony Canyon" 
"";"The Bard's Tale II: The Destiny KnightPony CanyonJapão" 
"";"BaseballNintendo" 
"";"Baseball FighterVapJapão" 
"";"Baseball Stars - Mezase Sankanou!!SNK" 
"";"Sunsoft" 
"";"Batsu & TeriiJapão" 
"";"Battle BaseballBanprestoJapão" 
"";"Battle CityNamcoJapão" 
"";"Battle FleetNamcoJapão" 
"";"Battle FormulaSunsoft" 
"";"Battle Rush - Build Up Robot TournamentBandaiJapãoBandaiDatach" 
"";"Battle Stadium - Senbatsu Pro YakyuuIGSJapão" 
"";"Battle StormYonezawa PR21Japão" 
"";"BattletoadsNCSRare" 
"";"Be-Bop High School: Koukousei Gokuraku DensetsuData EastJapão" 
"";"Best Keiba - Derby StallionASCII EntertainmentJapão" 
"";"Best Play Pro YakyuuASCII EntertainmentJapão" 
"";"Best Play Pro Yakyuu IIASCII EntertainmentJapão" 
"";"Best Play Pro Yakyuu '90ASCII EntertainmentJapão" 
"";"Best Play Pro Yakyuu SpecialASCII EntertainmentJapão" 
"";"Big Nose The CavemanCamerica" 
"";"Bikkuri Nekketsu Shin Kiroku! Harukanaru Kin MedalTechnos JapanCrash 'n the Boys: Street Challenge" 
"";"Bikkuriman World - Gekitou Sei SenshiHudson SoftJapão" 
"";"Bimi ShinboBandaiJapão" 
"";"Binary LandHudson SoftJapão" 
"";"Bio Miracle Bokutte UpaKonamiJapão" 
"";"Bio Senshi Dan - Increaser Tono TatakaiJalecoJapão" 
"";"Bird WeekToshiba EMIJapão" 
"";"Black BassHot BJapão" 
"";"Black Bass 2Hot BThe Black Bass USA" 
"";"" 
"";"Blodia Land: Puzzle QuestTonkin HouseJapão" 
"";"Bloody Warriors: Shan-Go no GyakushuuToei AnimationJapão" 
"";"Blue Marlin, The: Tsuri Kichi SanpeiHot B" 
"";"Bokosuka WarsASCII EntertainmentJapão" 
"";"Bomber KingHudson SoftRobowarrior" 
"";"BombermanHudson Soft" 
"";"Bomberman IIHudson SoftDynablaster" 
"";"Booby KidsNihon BussanJapão" 
"";"Boulder DashData East" 
"";"Bubble Bobble Part 2Taito" 
"";"Bucky O'HareKonami" 
"";"Buggy PopperData EastBump 'n' Jump" 
"";"Burai FighterTaito" 
"";"BurgertimeNamco" 
"";"Business WarsHectorJapão" 
"";"" 
"";"CadillacHectorJapão" 
"";"Capcom Barcelona '92CapcomGold Medal Challenge '92" 
"";"Captain EdCBS Sony GroupJapão" 
"";"Captain SaverTaito" 
"";"Captain SilverTokuma ShotenJapão" 
"";"Captain TsubasaTecmo" 
"";"Captain Tsubasa Vol. II: Super StrikerTecmoJapão" 
"";"Casino DerbyYonezawa PR21Japão" 
"";"Castle ExcellentASCII EntertainmentCastlequest" 
"";"Castle QuestHudson SoftJapãoCastlequest" 
"";"Chack'n PopTaitoJapãoBubble Bobble" 
"";"ChallengerHudson SoftJapão" 
"";"Championship BowlingAthena" 
"";"Championship Lode RunnerHudson SoftJapão" 
"";"Chaos WorldNatsumeJapão" 
"";"Chester Field - Ankoku Shin heno ChousenVik TokaiJapão" 
"";"Chibi Maruko-Chan: Uki Uki ShoppingNamcoJapão" 
"";"Chiisana Obake - Achhi Sochhi KocchiVapJapão" 
"";"Chiki Chiki Machine Mou RaceAtlusWacky Races" 
"";"Chip to Dale no DaisakusenCapcomChip 'N Dale: Rescue Rangers" 
"";"Chip to Dale no Daisakusen 2CapcomChip 'N Dale: Rescue Rangers 2" 
"";"Chitei Senkou BazolderSofelWurm: Journey to the Center of the Earth" 
"";"ChoplifterJalecoJapão" 
"";"Chou-Wakusei Senki MetaFightSunsoftBlaster Master" 
"";"Choujikuu Yousai MacrossNamcoJapão" 
"";"Choujin Ookami Senki: War WolfTakaraJapão" 
"";"Choujin Sentai JetmanAngel StudiosJapão" 
"";"Choujin Ultra BaseballCulture BrainBaseball Simulator 1.000" 
"";"Chuugoku Janshi Story - TonpuuNatsumeJapão" 
"";"Chuugoku SenseijutsuJalecoJapão" 
"";"Chuuka TaisenTaitoJapão" 
"";"Circus CharlieKonamiJapão" 
"";"City Adventure Touch - Mystery of TriangleTohoJapão" 
"";"City ConnectionJaleco" 
"";"Clu Clu LandNintendo" 
"";"Cobra CommandData East" 
"";"CocoronTakeruJapão" 
"";"Columbus: Ougon no YoakeTomyJapão" 
"";"ConflictVic TokaiJapão" 
"";"ContraKonamiProbotector" 
"";"Cosmic EpsilonAsmik AceJapão" 
"";"Cosmic WarsKonamiJapão" 
"";"Cosmo GenesisASCII EntertainmentStar Voyager" 
"";"Cosmo Police GalivanJapão" 
"";"Crayon Shin-Chan: Orato Poi PoiBandaiJapão" 
"";"Crayon Shin-Chan: Orato Poi Poi DatechBandaiJapãoDatach" 
"";"Crazy ClimberNichibutsuJapãoCrazy Climber" 
"";"Crisis ForceKonamiJapão" 
"";"Cross FireKyugo BouekiJapão" 
"";"Cycle Race - Road ManTonkin HouseJapan" 
"";"" 
"";"Dai-2-Ji Super Robot TaisenBandaiJapãoSuper Robot Wars II" 
"";"Daikaijyu DeburasuData EastJapão" 
"";"Daikoukai JidaiKoeiUncharted Waters" 
"";"Daiku no Gen-SanIremHammerin' Harry" 
"";"Daiku no Gen-San 2IremJapão" 
"";"Daimashikyou GaliousKonamiJapão" 
"";"DaimeiroEpochJapan" 
"";"DaisenryakuBothtecJapão" 
"";"DaivaToshiba EMIJapão" 
"";"Dark LordData EastJapão" 
"";"" 
"";"Dash YarouViscoJapão" 
"";"DatsugokuK AmusementP.O.W.: Prisoners of War" 
"";"De-BlockAthenaJapão" 
"";"Dead Fox, Ningen KeikiCapcomCode Name: Viper" 
"";"Deep Dungeon IIISquaresoftJapão" 
"";"Deep Dungeon IVAsmik AceJapão" 
"";"Deja VuKemco" 
"";"Dengeki Big Bang!Vic TokaiClash at Demonhead" 
"";"Densen RundesuTakaraJapão" 
"";"Densetsu no Kishi ElrondJalecoWizards & Warriors" 
"";"Derby Stallion ZengokubanASCII EntertainmentJapão" 
"";"Devil ManNamcoJapão" 
"";"Devil WorldNintendo" 
"";"DezaemonAthenaJapão" 
"";"Die HardPack-In-Video" 
"";"Dig DugNamcoJapão" 
"";"Dig Dug IINamco" 
"";"Digital Devil Monogatari: Megami TenseiNamcoJapão" 
"";"Digital Devil Monogatari: Megami Tensei IINamcoJapão" 
"";"Doki! Doki! Yuuenchi: Crazy Land DaisakusenVapTrolls in Crazyland" 
"";"Dokuganryu MasamuneNamcoJapão" 
"";"Don Doko DonTaitoJapão" 
"";"Don Doko Don 2TaitoJapão" 
"";"Donald DuckKemcoSnoopy's Silly Sports Spectacular" 
"";"Donald LandData EastJapão" 
"";"Donkey KongNintendo" 
"";"Donkey Kong 3Nintendo" 
"";"Donkey Kong Jr, no Sansuu AsobiNintendoDonkey Kong Jr. Math" 
"";"Donkey Kong Jr.Nintendo" 
"";"Door DoorEnixJapão" 
"";"DoraemonHudson SoftJapão" 
"";"Doraemon: Giga Zombie no GyakushuuEpochJapão" 
"";"Double Moon DensetsuNCSJapão" 
"";"Dough BoyKemcoJapão" 
"";"Downtown Nekketsu Koushinkyoku: Soreyuke DaiundoukaiTechnosJapão" 
"";"Downtown Nekketsu MonogatariTechnos" 
"";"Dr. MarioNintendo" 
"";"Dragon Ball 3: GokuudenBandaiJapão" 
"";"Dragon Ball ZBandaiJapão" 
"";"Dragon Ball Z Gaiden: Saiya-jin Zetsumetsu KeikakuBandaiJapão" 
"";"Dragon Ball Z II: Gekigami FreezaBandaiJapão" 
"";"Dragon Ball Z III: Ressen Jinzou NingenBandaiJapão" 
"";"Dragon Ball Z: Gekitou Tenkaichi BudokaiBandaiJapãoBandaiDatach" 
"";"Dragon Ball: Daimaou FukkatsuBandaiJapão" 
"";"Dragon Ball: Shenron no NazoBandaiDragon Power" 
"";"Dragon BusterNamcoJapão" 
"";"Dragon Buster IINamcoJapão" 
"";"Dragon FighterTowachiki" 
"";"Dragon NinjaNamcoBad DudesBad Dudes vs Dragon Ninja" 
"";"Dragon QuestEnixDragon WarriorRemade" 
"";"Dragon Quest IIEnixDragon Warrior IIRemade" 
"";"Dragon Quest IIIEnixDragon Warrior IIIRemade" 
"";"Dragon Quest IVEnixDragon Warrior IVRemade" 
"";"Dragon ScrollKonamiJapão" 
"";"Dragon Slayer IVNamcotLegacy of the Wizard" 
"";"Dragon Spirit: Aratanaru DensetsuNamcoDragon Spirit: The New Legend" 
"";"Dragon UnitAthenaJapão" 
"";"Dragon WarsKemcoJapão" 
"";"Dragon's LairEpic Sony Record" 
"";"Dream MasterNamcoJapão" 
"";"Druaga no TouNamcoJapãoThe Tower of Druaga" 
"";"Duck HuntNintendoZapper Light Gun" 
"";"DuckTalesCapcom" 
"";"DuckTales 2Capcom" 
"";"Dungeon & Magic: Sword of the ElementsNatsumeDungeon Magic: Sword of the Elements" 
"";"Dungeon KidQuestJapão" 
"";"Dynamite BatmanSunsoftBatman: Return of the Joker" 
"";"Dynamite BowlToshiba EMIJapão" 
"";"" 
"";"Eggland: Meikyuu no FukkatsuHALJapãoEggerland series" 
"";"EgyptHuman EntertainmentJapão" 
"";"Elevator ActionTaito" 
"";"Elnark no ZaihouTowachikiJapão" 
"";"ElysianTokyo ShosekiJapão" 
"";"Emoyan no 10-bai Pro YakyuuHectJapão" 
"";"Erika to Satoru no Yume BoukenNamcoJapão" 
"";"Esper BoukentaiJalecoJapão" 
"";"Esper Dream 2KonamiJapão" 
"";"ExcitebikeNintendo" 
"";"Exciting BoxingKonamiJapão" 
"";"Exciting RallyHALChampionship Rally" 
"";"Exed ExesTokuma ShotenJapão" 
"";"ExerionJalecoJapão" 
"";"" 
"";"F-1 CircusNichibutsuJapão" 
"";"F-1 SensationKonamiJapão" 
"";"F-1 RaceNintendoJapão" 
"";"Famicom Igo NyuumonI'MaxJapão" 
"";"Famicom Jump: Hero RetsudenBandaiJapão" 
"";"Famicom Jump II: The Strongest SevenBandaiJapão" 
"";"Famicom MeijinsenSNKJapão" 
"";"Famicom Shogi: Ryuu-Ou-SenI'MaxJapão" 
"";"Famicom WarsNintendoJapãoNintendo WarsAdvance Wars" 
"";"Famicom YakyuubanEpochJapão" 
"";"Family BlockAthenaJapão" 
"";"Family BoxingNamcoRing King" 
"";"Family CircuitNamcoJapão" 
"";"Family Circuit '91NamcoJapão" 
"";"Family Computer OthelloKawadaOthello" 
"";"Family JockeyNamcoJapão" 
"";"Family KidSomari" 
"";"Family MahjongNamcoJapão" 
"";"Family Mahjong II: Shanghai he no MichiNamcoJapão" 
"";"Family PinballNamco" 
"";"Family QuizAthenaJapão" 
"";"Family TennisNamcoJapão" 
"";"Family Trainer: Aerobics StudioBandai" 
"";"Family Trainer: Athletic WorldBandai" 
"";"Family Trainer: DaiondoukaiBandai" 
"";"Family Trainer: Fuuun! Takeshi Shiro 2BandaiJapão" 
"";"Family Trainer: Jogging RaceBandaiJapão" 
"";"Family Trainer: Manhattan PoliceBandai" 
"";"Family Trainer: Meiro DaisakusenBandaiJapão" 
"";"Family Trainer: Rai Rai! KyonshizuBandaiJapão" 
"";"Family Trainer: Running StadiumBandaiStadium Events" 
"";"Family Trainer: Tostugeki! Fuuun Takeshi ShiroBandaiJapão" 
"";"Famista '89NamcoJapão" 
"";"Famista '90NamcoJapão" 
"";"Famista '91NamcoJapão" 
"";"Famista '92NamcoJapão" 
"";"Famista '93NamcoJapão" 
"";"Famista '94NamcoJapão" 
"";"Fantasy ZoneSunsoftTengen" 
"";"Fantasy Zone 2: The Teardrop of Opa-OpaSunsoftJapão" 
"";"Faria: A World of Mystery and DangerHi-Score Media Work" 
"";"FaxanaduHudson Soft" 
"";"FC Genjin: Frekthoropus ComputerusHudson SoftBonk's Adventure" 
"";"FerrariCoconuts JapanJapão" 
"";"Field CombatJalecoJapão" 
"";"Fighting GolfSNKLee Trevino's Fighting Golf" 
"";"Fighting RoadToei AnimationJapão" 
"";"Final FantasySquaresoftRemadeFinal Fantasy" 
"";"Final Fantasy I+IISquaresoftRemadeFinal Fantasy" 
"";"Final Fantasy IISquaresoftRemadeFinal Fantasy" 
"";"Final Fantasy IIISquaresoftJapãoenhanced versionNintendo DS" 
"";"Final Fantasy VII: Advent Children[2]Shenzhen Nanjing TechnologyChina" 
"";"Final LapNamcoJapão" 
"";"Final MissionNatsume" 
"";"Fire EmblemNintendoJapãoGame Boy Advance" 
"";"Fire Emblem GaidenNintendoJapão" 
"";"FlappyDB SoftJapão" 
"";"Fleet CommanderASCII EntertainmentJapão" 
"";"Flintstones: Rescue of Dino and HoppyTaito" 
"";"FlipullTaitoJapão" 
"";"Flying HeroEpic Sony RecordJapão" 
"";"Formation ZJalecoJapão" 
"";"Front LineTaitoJapão" 
"";"Fudo MyouodenTaitoJapão" 
"";"Fushigi na BlobbyJaleco EntertainmentA Boy and His Blob" 
"";"Fushigi no Umi Nadia: The Secret of Blue WaterTohoJapão" 
"";"Fuzzical FighterSigma EntertainmentJapão" 
"";"" 
"";"GalagaNamco" 
"";"GalaxianNamcoJapão" 
"";"Gambler Jiko ChuushinhaAsmik AceJapão" 
"";"Gambler Jiko Chuushinha 2Asmik AceJapão" 
"";"Game PartyCoconuts JapanJapão" 
"";"Ganbare Goemon! Karakuri DouchuuKonamiJapãoThe Legend of the Mystical Ninja" 
"";"Ganbare Goemon 2KonamiJapanThe Legend of the Mystical Ninja" 
"";"Ganbare Goemon Gaiden: Kieta Ougon KiseruKonamiJapãoThe Legend of the Mystical Ninja" 
"";"Ganbare Goemon Gaiden 2KonamiJapãoThe Legend of the Mystical Ninja" 
"";"Ganbare Pennant Race!KonamiJapão" 
"";"Garfield no IsshukanTowachikiJapão" 
"";"Gaurdic GaidenIremGuardian Legend" 
"";"Gegege no Kitaro: Youkai DaimakyouBandaiNinja Kid" 
"";"Gegege no Kitaro 2BandaiJapão" 
"";"GeimosASCII EntertainmentJapão" 
"";"Gekikame Ninja DenKonamiTeenage Mutant Ninja Turtles" 
"";"Gekitotsu Shiku BattleIremJapão" 
"";"Gekitou Pro Wrestling!! Toukon DensetsuTecmoTecmo World Wrestling" 
"";"Gekitou!! StadiumTecmoJapão" 
"";"Genpei ToumadenNamcoJapão" 
"";"Getsufuu MadenKonamiJapão" 
"";"GhostbustersTokuma Shoten" 
"";"Gimme a Break: Shijou Saidai no Quiz Ou KetteisenYonezawa PR21Japão" 
"";"Gimme a Break: Shijou Saikyou no Quiz Ou KetteisenYonezawa PR21Japão" 
"";"GimmickKonamiMr. Gimmick" 
"";"Ginga Eiyuu DensetsuKemcoJapão" 
"";"Ginga no SanninNintendoJapão" 
"";"Goal!Jaleco" 
"";"God SlayerSNKCrystalisrereleased" 
"";"GodzillaToho" 
"";"Golby no Pipeline DaisakusenTokuma ShotenJapão" 
"";"GolfNintendo" 
"";"The Golf '92G.O.1Japão" 
"";"Golf Clun: Birdie RushData EastJapão" 
"";"Golf Grand SlamHect" 
"";"Golf-kko OpenTaitoJapão" 
"";"Golgo 13: Kamigami no KoukonVic TokaiGolgo 13: Top Secret Episode" 
"";"Golgo 13 IIVic TokaiThe Mafat Conspiracy" 
"";"Gomoku NarabeNintendoJapão" 
"";"GooniesKonamiJapãoPlay Choice 10" 
"";"Goonies II: Flattery Saigo no ChousenKonamiGoonies II, The" 
"";"Gorilla ManYonezawa PR21Japão" 
"";"Gozonji Yajikitatin DouchuuHalJapão" 
"";"GradiusKonami" 
"";"Gradius IIKonamiJapão" 
"";"Grand Master (Famicom)VarieJapão" 
"";"Great Battle CyberBanprestoJapão" 
"";"Great Boxing - Rush UpViscoWorld Champ" 
"";"Great DealHectJapão" 
"";"Great TankSNKJapão" 
"";"Gremlins 2: The New BatchSunsoft" 
"";"GuevaraSNKGuerilla War" 
"";"Gun HeadVarieJapão" 
"";"Gun NacTonkin House" 
"";"Gun SightKonami" 
"";"Gun-DecSammy" 
"";"GyrodyneTaitoJapão" 
"";"" 
"";"Hana no Star KaidouVictor InteractiveJapão" 
"";"Hanjuku HeroSquaresoftJapão" 
"";"Happy Birthday BugsKemcoThe Bugs Bunny Birthday Blowout" 
"";"HatrisBullet Proof" 
"";"Hayauchi Super IgoNamcoJapão" 
"";"Heavy BarrelData East" 
"";"HeberekeSunsoftUfouria" 
"";"Hector '87Hudson Soft" 
"";"Heisei Tensai BakabonNamcoJapão" 
"";"Hello Kitty no HanabatakeCharacter SoftJapão" 
"";"Hello Kitty WorldCharacter SoftJapãoGame BoyBalloon Kid" 
"";"Hercules no EikouData EastJapão" 
"";"Hercules no Eikou IIData EastJapão" 
"";"Hi no Tori: Wagaou no BoukenKonamiJapão" 
"";"Higemaru MakaishimaCapcomJapão" 
"";"Highway StarSquaresoftRad Racer" 
"";"Hirake! PonkikkiTakaraJapão" 
"";"Hiryu no KenCulture BrainFlying Dragon: The Secret Scroll" 
"";"Hiryu no Ken IICulture Brain" 
"";"Hiryu no Ken III - 5 Nin no Ryuu SenshiCulture BrainJapão" 
"";"Hiryu no Ken Special: Fighting WarsCulture BrainJapão" 
"";"Hissatsu Doujou YaburiSigma EntertainmentJapão" 
"";"Hissatsu ShigotojinBanprestoJapão" 
"";"Hitler no Fukkatsu: Top SecretCapcomJapãoBionic Commando" 
"";"Hogan's AlleyNintendoZapper Light Gun" 
"";"Hokkaidou Rensa Satsujin: Ohotsuku ni KiyuASCII EntertainmentJapão" 
"";"Hokuto no KenToei AnimationJapãoFist of the North Star" 
"";"Hokuto no Ken IIToei AnimationFist of the North Star" 
"";"Hokuto no Ken IIIToei AnimationJapãoFist of the North Star" 
"";"Hokuto no Ken 4Toei AnimationJapãoFist of the North Star" 
"";"Holy DiverIremJapão" 
"";"Home Run NightData EastJapão" 
"";"Home Run Night '90Data EastJapão" 
"";"HonmeiNihon BussanJapão" 
"";"Honoo no Doukyuuji: Dodge DanpeiSunsoftJapão" 
"";"Honoo no Doukyuuji: Dodge Danpei 2SunsoftJapão" 
"";"Honshogi: Naitou Kudan Shogi HidenSetaJapão" 
"";"HookEpic Sony Record" 
"";"Hoshi no Kirby: Yume no Izume no MonogatariNintendoKirby's Adventure" 
"";"Hoshi no Miru HitoHot-BJapão" 
"";"HostageKemco" 
"";"Hot Dance 2000Dance Dance Revolution" 
"";"HototogisuIremJapão" 
"";"Hottaman no Chisoko TankenUseJapão" 
"";"Houma ga KokuTohoJapão" 
"";"Hudson HawkEpic Sony Record" 
"";"Hyaku no Sekai no MonogatariASKJapão" 
"";"Hydlide SpecialToshiba EMIHydlide" 
"";"Hydlide 3NamcoJapão" 
"";"Hyokkori Hyoutan Shima: Nazo no KaizokusenYutakaJapão" 
"";"Hyper OlympicKonamiTrack & Field" 
"";"Hyper SportsKonamiJapão" 
"";"" 
"";"I Love SoftballCoconuts JapanJapão" 
"";"Ice ClimberNintendoyeti" 
"";"Ice HockeyNintendo" 
"";"Ide Yosuke Meijin no Jissen MahjongCapcomJapão" 
"";"Ide Yosuke Meijin no Jissen Mahjong IICapcomJapão" 
"";"Idol YainudenTowachikiJapão" 
"";"Igo MeikanAoki ShotenJapão" 
"";"Igo ShinanHectJapão" 
"";"Igo Shinan '91HectJapão" 
"";"Igo Shinan '92HectJapão" 
"";"Igo Shinan '93HectJapão" 
"";"Igo Shinan '94HectJapão" 
"";"Igo: Kuroban TaikyokuBullet Proof SoftwareJapão" 
"";"IkariK AmusementIkari Warriors" 
"";"Ikari IIK AmusementIkari Warriors II: Victory Road" 
"";"Ikari IIIK AmusementIkari Warriors III: The Rescue" 
"";"IkeIke! Nekketsu Hockey-buTechnosJapão" 
"";"Ikinari MusicianTokyo ShosekiJapão" 
"";"IkkiSunsoftJapão" 
"";"Image FightIrem" 
"";"Inbou no Wakusei: ShankaraIGSJapão" 
"";"Insector XTaitoJapão" 
"";"Ishin no ArashiKoeiJapão" 
"";"Itadaki Street: Watashi no Oten NiyotteteASCII EntertainmentJapão" 
"";"Izaki Shuugorou no Keiba HisshougakuImagineerJapão" 
"";"" 
"";"J-League Fighting Soccer: The King of Ace StrikersIGSJapão" 
"";"J-League Super Top PlayersBandaiJapão" 
"";"J-League Winning GoalElectronic Arts VictorJapão" 
"";"Jackie ChanHudson SoftJackie Chan's Action Kung Fu" 
"";"Jajamaru GekimadenJalecoJapão" 
"";"Jajamaru Ninpou ChouJalecoJapão" 
"";"Jajamaru no DaiboukenJalecoJapão" 
"";"Jarin-Ko ChieKonamiJapão" 
"";"Jesus: Dreadful Bio-MonsterKing RecordsJapão" 
"";"Jetsons, TheTaitoJetsons: Cogswells Caper, The" 
"";"Jigoku Gokuraku MaruPack-In-VideoKabuki Quantum Fighter" 
"";"Jikuu (Toki) no TabibitoKemcoJapão" 
"";"Jikuu Yuten DebiasNamcoJapão" 
"";"JJSquare Co., Ltd.Japão" 
"";"JoustHAL" 
"";"Joy Mech FightNintendoJapão" 
"";"Jubei QuestNamcoJapão" 
"";"JuJu DensetsuTaitoJapão" 
"";"JumboK AmusementJapão" 
"";"Jumbo Osaki no Hole In OneHalJapão" 
"";"Jumping KidAsmik AceJapão" 
"";"Just BreedEnixJapão" 
"";"Juuryoku Soukou Metal StormIremMetal Storm" 
"";"JyuoukiAsmik AceAltered Beast" 
"";"" 
"";"Kabushiki DoujouHectJapão" 
"";"Kage no DensetsuTaitoThe Legend of Kage" 
"";"Kagerou DensetsuPixel MultimediaJapão" 
"";"Kaguya Hime DensetsuVictor InteractiveJapão" 
"";"Kai no Bouken: The Quest of KiNamcoJapão" 
"";"Kaijuu MonogatariNamcoJapão" 
"";"Kaiketsu Yancha MaruIrem" 
"";"Kaiketsu Yancha Maru 2: Karakuri LandIremJapão" 
"";"Kaiketsu Yancha Maru 3IremJapão" 
"";"Kakefu Kimi no Jump TengokuVic TokaiJapão" 
"";"Kame no OngaeshiHudson SoftXexyz" 
"";"Kamen no Ninja HamaruCapcomYo! Noid" 
"";"Kamen Rider KurabuBandaiJapãoMasked
Rider" 
"";"Kamen Rider SDAngel StudiosJapãoMasked
Rider" 
"";"Karakuri Kengoden Musashi Road: Karakuri Jin ShissouruYutakaJapão" 
"";"Karaoke StudioBandaiJapão" 
"";"Karaoke Studio Senyou Cassette Vol. 1BandaiJapão" 
"";"Karaoke Studio Senyou Cassette Vol. 2BandaiJapão" 
"";"KaratekaSoft ProJapãoEstados UnidosApple IIBrøderbund" 
"";"KarnovNamco" 
"";"Katsuba DensetsuNihon BussanJapão" 
"";"Katte ni Shiro KumaCBS Sony GroupJapão" 
"";"Kawa no Nushi TsuriPack-In-VideoJapão" 
"";"Keisan Game: Sansuu 1 ToshiTokyo ShosekiJapão" 
"";"Keisan Game: Sansuu 2 ToshiTokyo ShosekiJapão" 
"";"Keisan Game: Sansuu 3 ToshiTokyo ShosekiJapão" 
"";"Keisan Game: Sansuu 4 ToshiTokyo ShosekiJapão" 
"";"Keisan Game: Sansuu 5+6 ToshiTokyo ShosekiJapão" 
"";"Kero Kero Keroppi no DaiboukenCharacter SoftJapão" 
"";"Kero Kero Keroppi no Daibouken 2Character SoftJapão" 
"";"Keroppi to Kerorii nuno Splash BombCharacter SoftJapão" 
"";"Keru NaguruNamcoJapão" 
"";"Kidou Senshi Z-Gundam: Hot ScrambleBandaiJapão" 
"";"King Kong 2: Ikari no Megaton PunchKonamiJapão" 
"";"King of KingsNamcoJapão" 
"";"King's KnightSquare" 
"";"Kinnikuman: Muscle Tag MatchHudson SoftM.U.S.C.L.E." 
"";"Kiteretsu DaihyakkaEpochJapão" 
"";"Kitte Rai Da! Gunjin Shougi Nanya Sore?SofelJapão" 
"";"KlaxHudson Soft" 
"";"Knight RiderPack-In-Video" 
"";"Konami Sports in SeoulKonamiTrack & Field II" 
"";"Koufuku o Yobu Game: Dora Dora DoraNatsumeJapão" 
"";"Kouryu Densetsu Villgust GaidenAngel StudiosJapão" 
"";"KoushienK AmusementJapão" 
"";"Kujaku OuPony CanyonJapão" 
"";"Kujaku Ou IIPony CanyonJapão" 
"";"Kunio-Kun no Jidaigeki dayo Zenin Shuugou: Downtown SpecialTechnosJapão" 
"";"Kunio-Kun no Nekketsu Soccer LeagueTechnosJapão" 
"";"Kyatto Ninden TeyandeeTecmoJapãoSamurai Pizza Cats" 
"";"Kyonshis 2TaitoJapãoFamily Trainer: Rai Rai! Kyonshizu" 
"";"Kyoro-Chan Land" 
"";"Kyoryu Sentai ZyurangerAngel StudiosJapão" 
"";"Kyouto Hana no Misshitsu Satsujin Jiken - Yamamura Misa SuspenseTaitoJapão" 
"";"Kyoutoken no Tera Satsujin Jiken - Yamamura Misa SuspenseTaitoJapão" 
"";"Kyouto Zai Deck Tatsujin Jiken Yamamura Misa SuspenseHectJapão" 
"";"Kyuukyoku Harikiri KoshienTaitoJapão" 
"";"Kyuukyoku Harikiri StadiumTaitoJapão" 
"";"Kyuukyoku Harikiri Stadium '88TaitoJapão" 
"";"Kyuukyoku Harikiri Stadium Heisei GannenhanTaitoJapão" 
"";"Kyuukyoku Harikiri Stadium IIITaitoJapão" 
"";"Kyuukyoku TigerCBS Sony GroupTwin Cobra" 
"";"" 
"";"L'EmpereurKoei" 
"";"La Salle Ishii no Child's QuestNamcoJapão" 
"";"LabyrinthTokuma ShotenJapão" 
"";"Lagrange PointKonamiJapão" 
"";"Last ArmageddonBandaiJapão" 
"";"Law of the WestPony CanyonJapão" 
"";"LaylaDB SoftJapão" 
"";"Little MagicData EastJapão" 
"";"Little MermaidCapcom" 
"";"Little Red HoodThin Chen EnterpriseAustrália[1]" 
"";"Live in Power Bowl - TM NetworkEpic Sony RecordJapão" 
"";"Lode RunnerHudson Soft" 
"";"Lord of KingJalecoAstyanax" 
"";"Lost Word of JennyTakaraJapão" 
"";"Lot LotTokuma ShotenJapão" 
"";"Lunar BallFCILunar Pool" 
"";"Lupin the 3rdNamcoJapão" 
"";"" 
"";"M-Kara no ChousenjouTowachikiJapão" 
"";"Mach RiderNintendo" 
"";"Mad CityKonamiThe Adventures of Bayou Billy" 
"";"MadaraKonamiJapão" 
"";"Magic CandleSammyJapão" 
"";"Magic DartsSeta" 
"";"Magic JohnJalecoTotally Rad" 
"";"Magical * Taru Ruto-Kun: Fantastic World!!BandaiJapão" 
"";"Magical * Taru Ruto-Kun 2BandaiJapão" 
"";"Magical DoropiVic TokaiThe Krion Conquest" 
"";"MagmaxNihon Bussan" 
"";"Magnum Kiki IppatsuToshiba EMIJapão" 
"";"Maha RajaSunsoftJapão" 
"";"MahjongNintendoJapão" 
"";"Mahjong Club Nagatacho: SousaisenHectJapão" 
"";"Mahjong TaikaiKoeiJapão" 
"";"Mahjong TaisenNichibutsuJapão" 
"";"Mahou no Princess Minkiimomo Remember DreamYutakaJapão" 
"";"Maison IkkokuBothtecJapão" 
"";"Majaventure - Mahjong SenkiTokuma ShotenJapão" 
"";"Mashin Eiyuuden Wataru GaidenBandaiJapão" 
"";"Major LeagueIremJapão" 
"";"Makai-MuraCapcomGhosts and Goblins" 
"";"MakaishimaCapcomJapão" 
"";"Maniac MansionJaleco" 
"";"MappyNamcoJapão" 
"";"Mappy KidsNamcoJapão" 
"";"Mappy LandNamco" 
"";"Mario Bros.Nintendo" 
"";"Mario Open GolfNintendoNES Open Tournament Golf" 
"";"Marsa no OnnaCapcomJapão" 
"";"MashouBroderbundDeadly Towers" 
"";"Masuzoe Kaname Icchou Made FamicomCoconuts JapanJapão" 
"";"Matendo DoujiQuest CorporationJapão" 
"";"Matsumoto Akira no Kabushiki HisshougakuImagineerJapão" 
"";"Matsumoto Akira no Kabushiki Hisshougaku IIImagineerJapão" 
"";"Max WarriorVapIsolated Warrior" 
"";"Meiji IshinJapão" 
"";"Meikyuu KumikyokuHudson SoftMilon's Secret Castle" 
"";"Meikyuu ShimaIremKickle Cubicle" 
"";"Meimon! Daisan YakyuubuBandaiJapão" 
"";"Meimon! Tako NishiouendanAsmik AceJapão" 
"";"Meitantei Holmes: Kiri no London Satsujin JikenTowachikiJapão" 
"";"Melville no HonooGakushuu KenkyuushaJapão" 
"";"Metal Frame CybusterJalecoJapão" 
"";"Metal GearKonami" 
"";"Metal MaxData EastJapão" 
"";"Metal Slader GloryHalJapão" 
"";"Metro CrossNamcoJapão" 
"";"Mezase! Top Pro Green Kakeru YumeJalecoJapão" 
"";"Hudson Soft" 
"";"Mickey Mouse III: Yume FuusenKemcoKid Klown in Night Mayor World" 
"";"Might and MagicAmerican Sammy" 
"";"Mighty Bomb JackTecmo" 
"";"Mighty Final FightCapcom" 
"";"MillipedeHal" 
"";"MindseekerNamcoJapão" 
"";"Minelvaton SagaTaitoJapão" 
"";"Mini-PuttA-WaveJapão" 
"";"Minna no Tabou no Nakayoshi DaisakusenCharacter SoftJapão" 
"";"Miracle RopittKing RecordsJapão" 
"";"Mirai Senshi RaiosPack-In-VideoJapão" 
"";"Mirai Shinwa JarvasTaitoJapão" 
"";"Mississippi Satsujin JikenJalecoJapão" 
"";"MitokoumonSunsoftJapão" 
"";"Mitokoumon II: Sekai ManyuukiSunsoftJapão" 
"";"Mitsume GatooruTomyJapão" 
"";"Mizushima Shinji no DaikoushienCapcomJapão" 
"";"Moai-KunKonamiJapão" 
"";"Moe Pro! SaikyouhenJalecoJapão" 
"";"Moero TwinBeeKonamiStinger" 
"";"Moero!! Judo WarriorsJalecoJapão" 
"";"Moero!! Junior BasketJalecoHoops" 
"";"Moero!! Pro SoccerJalecoJapão" 
"";"Moero!! Pro TennisJalecoJapão" 
"";"Moero!! Pro YakyuuJalecoBases Loaded" 
"";"Moero!! Pro Yakyuu '88JalecoBases Loaded II: Second Season" 
"";"Moero!! Pro Yakyuu '90: KandouhenJalecoBases Loaded 3" 
"";"Moeru! OniisanTohoJapão" 
"";"Mokushi Pachi Pro: Pachi Otto-KunCoconutsJapão" 
"";"Momotaro DensetsuHudson SoftJapão" 
"";"Momotarou Densetsu GaidenHudson SoftJapão" 
"";"Momotaro DentetsuHudson SoftJapão" 
"";"Money GameSofelJapão" 
"";"Money Game IISofelJapão" 
"";"MonopolyTomy" 
"";"Monster Maker: 7-tsu no HihouSofelJapão" 
"";"Moon CrystalHectJapão" 
"";"Morita ShogiSetaJapão" 
"";"MotherNintendoJapão" 
"";"Motocross ChampionKonamiJapão" 
"";"Mottomobunai KeijiToei AnimationJapão" 
"";"Mugen Senshi ValisTokuma ShotenJapão" 
"";"Murder ClubSetaJapão" 
"";"Musashi no BoukenSigma EntertainmentJapão" 
"";"Musashi no Ken - Tadaima Shugyou ChuuTaitoJapão" 
"";"My Life My Love - Boku no Yume - Watashi no NegaiBanprestoJapão" 
"";"" 
"";"Nagagutsu o Haita NekoToei AnimationJapão" 
"";"Nakashima Satoshi: F1 HeroVarieJapão" 
"";"Nakashima Satoshi: F1 Hero 2VarieJapão" 
"";"Nakayo Shito IsshoYutakaJapão" 
"";"Nakiri YagyouJapão" 
"";"Namco ClassicNamcoJapão" 
"";"Namco Classic IINamcoJapão" 
"";"Namco Mahjong III: Mahjong TengokuNamcoJapão" 
"";"Nankoku Shirei!! Spy vs. SpyKemcoJapão" 
"";"Nantettatte!! BaseballSunsoftJapão" 
"";"Napoleon SenkiIremJapão" 
"";"Navy BlueI'MaxJapão" 
"";"Naza no FuuinASCII EntertainmentJapão" 
"";"Nekketsu Kakutou DensetsuTechnosJapão" 
"";"Nekketsu Kouha Kunio KunTechnosRenegade" 
"";"Nekketsu Koukou Dodge Ball BuTechnosSuper Dodge Ball" 
"";"Nekketsu Koukou Dodgeball-bu Soccer-henTechnos" 
"";"Nekketsu Street Basket: Ganbare Dunk HeroesTechnosJapão" 
"";"New Ghostbusters 2HalJapãoEuropa" 
"";"New York NyankiesAtlusJapãoRockin' Cats" 
"";"Nichibutsu Mahjong IIINihon BussanJapão" 
"";"Niji no SilkroadVictor InteractiveJapão" 
"";"Ninja Cop SaizouTaitoWrath of the Black Manta" 
"";"Ninja CrusadersSammy" 
"";"Ninja Hattori KunHudson SoftJapão" 
"";"Ninja Jajamaru KunJalecoJapão" 
"";"Ninja Jajamaru: Ginga DaisakusenJalecoJapão" 
"";"Ninja KunJalecoJapão" 
"";"Ninja Kun: Ashura no ShouUPLJapão" 
"";"Ninja Ra Hoi!ASCII EntertainmentJapão" 
"";"Ninja RyuukendenTecmoNinja Gaiden" 
"";"Ninja Ryuukenden IITecmoNinja Gaiden II: The Dark Sword of Chaos" 
"";"Ninja Ryuukenden IIITecmoNinja Gaiden III: The Ancient Ship of Doom" 
"";"Nippon Ichi no NakantokuAsmik AceJapão" 
"";"Nishimura Kyoutarou Mystery: Blue Train Satsujin JikenIremJapão" 
"";"Nobunaga no Yabou: Bushou FuuunrokuKoeiJapão" 
"";"Nobunaga no Yabou: Sengouku GunyuudenKoeiNobunaga's Ambition 2" 
"";"Nobunaga no Yabou: ZenkokubanKoeiNobunaga's Ambition" 
"";"North and SouthKemco" 
"";"Nuts & MilkHudson SoftJapão" 
"";"" 
"";"Obake no Q Tarou: Wan Wan PanicBandaiChubby Cherub" 
"";"ObocchamakunTecmoJapão" 
"";"Ochinnitoshi Puzzle Tonjan!?JalecoJapão" 
"";"Oeka Kids - Anpanman no Hiragana DaisukiBandaiJapão" 
"";"Oeka Kids - Anpanman to Oekaki ShiyouBandaiJapão" 
"";"Olympus no TatakaiImagineerBattle of Olympus" 
"";"Onyanko TownPony CanyonJapão" 
"";"Operation WolfTaito" 
"";"Osomatsu-Kun: Back to Zami no DeppaBandaiJapão" 
"";"Otaku no SeizaM&MJapão" 
"";"OutlandersVictor InteractiveJapão" 
"";"Over HorizonHot B" 
"";"" 
"";"Pac-LandNamcoJapão" 
"";"Pac-ManNamco" 
"";"Pachi ComToshiba EMIJapão" 
"";"Pachi-Slot Adventure 2CoconutsJapão" 
"";"Pachi-Slot Adventure 3CoconutsJapão" 
"";"Pachinko DaisakusenCoconutsJapão" 
"";"Pachinko Daisakusen 2CoconutsJapão" 
"";"Pachiokun 2CoconutsJapão" 
"";"Pachiokun 3CoconutsJapão" 
"";"Pachiokun 4CoconutsJapão" 
"";"Pachiokun 5CoconutsJapão" 
"";"PalamedesHot B" 
"";"Palamedes 2Hot-BJapão" 
"";"PaperboyAltron" 
"";"Parareru WorldVarieJapão" 
"";"Parasol HenbeeEpochJapão" 
"";"Paris-Dakar Rally SpecialCBS Sony GroupJapão" 
"";"Parodius Da! -Shinwa kara Owarai e-KonamiParodius" 
"";"Paw ManIremJapão" 
"";"Paw Man Part 2IremJapão" 
"";"Penguin-Kun WarsASCII EntertainmentJapão" 
"";"Perfect BowlingTonkin HouseJapão" 
"";"PhotonTakara" 
"";"PinballNintendo" 
"";"Pinball QuestJaleco" 
"";"Pipa TimeSanritsu DenkiJapão" 
"";"Pizza PopJalecoJapão" 
"";"Plasma BallJalecoJapão" 
"";"Pocket Zaurus: Ju Ouken no NazoBandaiJapão" 
"";"Pokkun MoguraIGSJapão" 
"";"PooyanHudson SoftJapão" 
"";"PopeyeNintendo" 
"";"Popeye no Eigo AsobiNintendoJapãoDonkey Kong Jr. MathPopeye" 
"";"Portopia Renzoku Satsujin JikenEnixJapão" 
"";"Power BlazerTaitoPower Blade" 
"";"Power SoccerTokuma ShotenJapão" 
"";"PredatorPack-In-Video" 
"";"President no SentakuHot-BJapão" 
"";"Pro Yakyuu Family StadiumNamcoRBI Baseball" 
"";"Pro Yakyuu Family Stadium '87NamcoRBI Baseball 2" 
"";"Pro Yakyuu Family Stadium '88NamcoRBI Baseball 3" 
"";"Pro Yakyuu Satsujin Jiken!CapcomJapão" 
"";"Punch-Out!!NintendoMike Tyson's Punch-Out!!" 
"";"Puyo PuyoElectro Brain Corp.Japão" 
"";"PuzzlotSammyJapan" 
"";"PuzznicIGS" 
"";"Pyjama HeroCapcomLittle Nemo: The Dream Master" 
"";"Pyokotan no DaimeiroSunsoftJapão" 
"";"" 
"";"Quarterback ScramblePony CanyonJapão" 
"";"QuarthKonamiJapão" 
"";"QuintyNamcoMendel Palace" 
"";"Quiz Project Q: Cutie Project & Battle 1000HectJapão" 
"";"" 
"";"Racer Mini ShikuKonamiJapão" 
"";"Radia Senki: ReimeihenTecmoJapão" 
"";"Raf WorldSunsoftJourney to Silius" 
"";"Raid on Bungeling BayHudson Soft" 
"";"Rainbow Island: The Story of Bubble Bobble 2Taito" 
"";"RamboPack-In-Video" 
"";"RampartKonamiJapão" 
"";"Recca - Summer Carnival '92Naxat SoftJapão" 
"";"Red Alerma IICapcomGargoyle's Quest II" 
"";"Rekka no Gotoku Tenka o Nusure!BanprestoJapão" 
"";"Ripple IslandSunsoftJapão" 
"";"Road FighterKonamiEuropa" 
"";"Robocco WarsIGSJapão" 
"";"RoboCopData East" 
"";"RoboCop 2Data East" 
"";"Robot BlockNintendoStack-Up" 
"";"Robot GyroNintendoGyromite" 
"";"Rockin' KatsAtlus" 
"";"RockmanCapcomMega Man" 
"";"Rockman 2CapcomMega Man 2" 
"";"Rockman 3CapcomMega Man 3" 
"";"Rockman 4CapcomMega Man 4" 
"";"Rockman 5CapcomMega Man 5" 
"";"Rockman 6CapcomMega Man 6Nintendo" 
"";"Rokudenashi BluesBandaiJapão" 
"";"RollerballHAL" 
"";"Rolling ThunderNamco" 
"";"RomanciaTokyo ShosekiJapão" 
"";"Route 16 TurboSunsoftJapão" 
"";"Royal BloodKoeiGemfire" 
"";"RPG Jinsei GameTakaraJapão" 
"";"Ryou Maboroshi DoushiPony CanyonJapão" 
"";"" 
"";"Sabaku no KitsuneKemcoDesert Commander" 
"";"Saikoushi SediFuji TelevisionJapão" 
"";"Saint SeiyaBandaiJapanFrance" 
"";"Saint Seiya 2BandaiJapão" 
"";"Saiyuuki WorldJalecoJapão" 
"";"Saiyuuki World 2JalecoWhomp 'Em" 
"";"Sakigake!! OtokojukuBandaiJapão" 
"";"Salad no Kuni no Tomato HimeHudson SoftPrincess Tomato in the Salad Kingdom" 
"";"SalamanderKonamiLife Force" 
"";"San Goku ShiKoeiRomance of the Three Kingdoms" 
"";"San Goku Shi IIKoeiRomance of the Three Kingdoms II" 
"";"San Goku Shi: Nakahara no HashaNamcoJapão" 
"";"San Goku Shi II: Nakahara no HashaNamcoJapão" 
"";"Sanada Juu YuushiKemcoJapão" 
"";"Sanma no MeitanteiNamcoJapão" 
"";"Sanrio CarnivalCharacter SoftJapão" 
"";"Sanrio Carnival 2Character SoftJapão" 
"";"Sanrio CupCharacter SoftJapão" 
"";"Sansara NagaVictor InteractiveJapão" 
"";"Satomi HakkendenSNKJapão" 
"";"Satsui no KaisouHalJapão" 
"";"SD Battle OozumouBanprestoJapão" 
"";"SD Gundam 2BandaiJapão" 
"";"SD Gundam 3BandaiJapão" 
"";"SD Gundam Gachapon Senshi 4: NewType StoryBandaiJapão" 
"";"SD Gundam Gachapon Senshi 5BandaiJapão" 
"";"SD Gundam Gaiden: Night Gundam MonogatariBandaiJapão" 
"";"SD Gundam Gaiden: Night Gundam Monogatari 2BandaiJapão" 
"";"SD Gundam Gaiden: Night Gundam Monogatari 3BandaiJapão" 
"";"SD Gundam: Gundam WarsBandaiJapão" 
"";"SD Hero SoukessenBanprestoJapão" 
"";"SD Keiji BladerTaitoJapão" 
"";"SeicrossNihon Bussan" 
"";"Seikima IICBS Sony GroupJapão" 
"";"Seirei Densetsu LickleTaitoJapão" 
"";"Seirei GariHudson SoftJapão" 
"";"SekiryuouSunsoftJapão" 
"";"Sendai no Tomio no DaiginnanFaceJapão" 
"";"Senjou no OokamiCapcomCommando" 
"";"Shadow BrainPony CanyonJapão" 
"";"ShadowgateKemco" 
"";"ShanghaiSunsoftJapão" 
"";"Shanghai IISunsoftJapão" 
"";"Sherlock Holmes: Hakushaku Reijou Yuukai JikenTowachikiJapão" 
"";"ShikinjoToeiJapão" 
"";"Shin 4-Jin Uchi Mahjong: Yakuman TengokuNintendoJapão" 
"";"Shin Moero!! Pro YakyuuJalecoBases Loaded 3" 
"";"Shin Satomi Hakken-Den - Hikari to Yami no TatakaiToeiJapão" 
"";"ShinjinruiRix SoftThe Adventures of Dino Riki" 
"";"Shin Oni Ga ShimaNintendoJapão" 
"";"ShinsendenIremJapão" 
"";"Shogi Meikan '92HectJapão" 
"";"Shogi Meikan '93HectJapão" 
"";"ShogunHectJapão" 
"";"Shounen Ashibe Nepal Daibouken no MakiTakaraJapão" 
"";"Shuffle FightBanprestoJapão" 
"";"Shuffle Puck CafePony CanyonJapão" 
"";"Side PocketNamco" 
"";"Silver SagaSetaJapão" 
"";"Simpsons, The: Bart vs. The Space MutantsAcclaim" 
"";"Simpsons, The: Bart vs. The WorldAcclaim" 
"";"Sky KidNamco" 
"";"" 
"";"Snow BrothersToaplan" 
"";"SoccerNintendo" 
"";"Softball TengokuTonkin HouseDusty Diamond's All-Star Softball" 
"";"Solomon no KagiTecmoJapãoSolomon's Key" 
"";"Solomon no Kagi 2TecmoFire 'n IceSolomon's
Key 2" 
"";"SolsticeEpic Sony Record" 
"";"Son SonCapcomJapão" 
"";"Somari" 
"";"Sonic 3D Blast 5Somari" 
"";"Sonic 3D Blast 6Somari" 
"";"Soreike! Anapanman Minna de Hiking GameBandaiJapão" 
"";"Space HarrierTakaraJapão" 
"";"Space HunterKemcoJapão" 
"";"Space InvadersTaitoJapão" 
"";"Space ShadowBandaiJapão" 
"";"Spartan XNintendoKung Fu" 
"";"Spartan X 2IremJapãoKung Fu 2" 
"";"SpelunkerIrem" 
"";"Spelunker II: Yuushahe no ChousenIremJapão" 
"";"Splatterhouse: Wanpaku GraffitiNamcoJapão" 
"";"Spot: The GameBullet Proof Software" 
"";"Spy vs. SpyKemco" 
"";"SqoonIrem" 
"";"Square no Tom SawyerSquaresoftJapão" 
"";"Star ForceHudson Soft" 
"";"Star LusterHudson SoftJapão" 
"";"Star SoldierHudson Soft" 
"";"Star WarsNamcoJapãoUS release" 
"";"Star WarsVictor Interactive" 
"";"Star Wars: Teikoku no GyakushuuJVCThe Empire Strikes
Back" 
"";"StargateHALDefender II" 
"";"StedK AmusementJapão" 
"";"Stick HunterK AmusementJapan" 
"";"Street Blaster VCony" 
"";"Street Fighter 2010Capcom" 
"";"Sugoro Quest: Dice no Senshi TachiTechnosJapão" 
"";"SuikodenKoeiJapão" 
"";"Sukeban Keiji IIIToeiJapão" 
"";"Super ArabianSunsoftJapão" 
"";"Super Black OnyxBullet Proof SoftwareJapão" 
"";"Super ChineseNamcoKung Fu Heroes" 
"";"Super Chinese 2Culture BrainLittle Ninja Brothers" 
"";"Super Chinese 3Culture BrainJapão" 
"";"Super ContraKonamiSuper CProbotector 2" 
"";"Super Donkey KongSuper FamicomDonkey Kong Country" 
"";"Super Donkey Kong 2Super FamicomDonkey Kong Country 2" 
"";"Super Dynamix BadmintonVapJapão" 
"";"Super Express Satsujin JikenIremJapão" 
"";"Super Mario Bros.Nintendo" 
"";"Super Mario Bros. 3Nintendo" 
"";"Super Mario USANintendoSuper Mario Bros. 2" 
"";"Super Mario WorldSuper FamicomSuper Mario World" 
"";"Super Momotaro DentetsuHudson SoftJapão" 
"";"Super Monkey DaiboukenVapJapão" 
"";"Super PinballCoconutsJapão" 
"";"Super PitfallPony Canyon" 
"";"Super Real BaseballVapJapão" 
"";"Super RugbyTSSJapão" 
"";"Super SprintAltron" 
"";"Super Star ForceKemcoJapão" 
"";"Super Star Pro WrestlingPony CanyonWCW WrestlingNational Wrestling Alliance" 
"";"Super Xevious: Ganpu no NazoNamcoJapão" 
"";"SupermanKemco" 
"";"SuzugouVictor InteractiveJapão" 
"";"ToeiJapão" 
"";"Sweet HomeCapcomJapãoResident Evil" 
"";"Sword MasterAthena" 
"";"" 
"";"Tag Team Pro WrestlingNamcoTag Team Wrestling" 
"";"Taito BasketballTaitoJapão" 
"";"Taito Chase H.Q.TaitoJapão" 
"";"Taito Grand Prix - Eikou heno LicenseTaitoJapão" 
"";"Taiyou no ShindenTokyo ShosekiJapão" 
"";"Taiyou no Yuusha FirebirdIremJapão" 
"";"Hudson Soft" 
"";"Hudson Soft" 
"";"Hudson Soft" 
"";"Hudson SoftJapão" 
"";"Takahashi Meijin no Bug-tte HoneyHudson SoftJapão" 
"";"Takeda ShingenHot-BJapão" 
"";"Takeda Shingen 2Hot-B" 
"";"Takeshi no ChousenjouTaitoJapão" 
"";"Takeshi no Sengoku FuuunkoTaitoJapão" 
"";"Tamura Teruaki no Mahjong SeminarPony CanyonJapão" 
"";"Tanikawa Koji no Shogi Shinan IIPony CanyonJapão" 
"";"Tanikawa Koji no Shogi Shinan IIIPony CanyonJapão" 
"";"Tantei Jinguji Saburo - Yokohamakou Renzoku Satsujin JikenData EastJapão" 
"";"Tantei Jinguuji Saburou - Toki no Sugiyuku Mama niData EastJapão" 
"";"TaoVapJapão" 
"";"Tashiro Masashi no Princess ga IppaiEpic Sony RecordJapão" 
"";"Tatakai no BankaCapcom" 
"";"Tatake!! Ramen-ManBandaiJapão" 
"";"Tecmo BowlTecmo" 
"";"Tecmo Super BowlTecmo" 
"";"Tecmo World Cup SoccerTecmo" 
"";"Teenage Mutant Ninja TurtlesKonami" 
"";"Teenage Mutant Ninja Turtles
IIKonami" 
"";"Tenchi o KurauCapcomDestiny of an Emperor" 
"";"Tenchi o Kurau IICapcomJapãoDestiny of an Emperor 2" 
"";"TennisNintendo" 
"";"Terao no Dosukoi OozumouJalecoJapão" 
"";"Terminator 2: Judgment DayPack-In-Video" 
"";"Nihon Bussan" 
"";"Tetra StarTaitoJapão" 
"";"TetrisBullet Proof SoftwareJapão" 
"";"Tetris 2 + BomblissBullet Proof SoftwareJapãoTetrisTetris FlashBomblissGame BoyTetris Blast" 
"";"Tetris FlashNintendo" 
"";"Tetsudou-OhDB SoftJapão" 
"";"Tetsuwan AtomKonamiJapão" 
"";"The Ultimate StuntmanCodemaster" 
"";"ThexderSquaresoftJapão" 
"";"ThunderbirdsPack-In-Video" 
"";"Tiger-HeliPony Canyon" 
"";"Time ZoneSigma EntertainmentJapão" 
"";"Times of LoreToho" 
"";"Tiny Toon AdventuresKonami" 
"";"Tiny Toon Adventures 2: Trouble in Wacky LandKonami" 
"";"TitanSofelJapão" 
"";"Tokkyuu Shirei Soul BrainAngel StudiosShatterhand" 
"";"Tokoro-San no Mamorumo SemerumoEpic Sony RecordJapão" 
"";"Tokyo Pachi-Slot AdventureCoconutsJapão" 
"";"Tom and JerryAltron" 
"";"Top GunKonami" 
"";"Top Gun 2KonamiTop Gun: Second Mission" 
"";"Top ManagementKoeiJapão" 
"";"Top RiderVarieJapão" 
"";"Top StrikerNamcoJapão" 
"";"Topple ZipBandaiJapão" 
"";"Totsuzen! Macho ManVic Tokai" 
"";"Touhou KenbunkuNatsumeJapão" 
"";"Toukaidou Gojuusan TsugiSunsoftJapão" 
"";"Toukon ClubJalecoJapão" 
"";"Transformers: Convoy no NazoTakaraJapão" 
"";"The TriathronK AmusementJapão" 
"";"Tsuppari OozumouTecmoJapão" 
"";"Tsuppari WarsSammyJapão" 
"";"Tsuri Kichi SanpeiVictor InteractiveJapão" 
"";"Tsuru Pikahage Maru: Mezase! Tsuruseko no AkashiJalecoJapão" 
"";"Twin EagleRomstar" 
"";"TwinBeeKonamiJapão" 
"";"TwinBee 3KonamiJapão" 
"";"" 
"";"Uchuu KeibitaiHalJapão" 
"";"Ucuusen Cosmo CarrierJalecoJapão" 
"";"UltimaPony CanyonUltima: Exodus" 
"";"Ultima: Seisha he no MichiPony CanyonUltima: Quest of the Avatar" 
"";"Ultraman Club (1992)AngelJapão" 
"";"Ultraman Club (1993)BandaiJapão" 
"";"Ultraman Club 2: Kitte Kita Ultraman ClubBandaiJapão" 
"";"Ultraman Club 3BandaiJapão" 
"";"UntouchablesAltronThe Untouchables" 
"";"Urban ChampionNintendo" 
"";"Urusei Yatsura: Lum no Wedding BellJalecoJapão" 
"";"US Championship V'BallTechnosSuper Spike V'Ball" 
"";"USA Ice Hockey in FCJalecoJapão" 
"";"Ushio TotoraYutakaJapão" 
"";"Utsurun Desu - Kawauso Hawaii e ikuTakaraJapão" 
"";"" 
"";"Valkyrie no Bouken: Toki no Kagi DensetsuNamcoJapãoThe Legend of Valkyrie" 
"";"Vegas ConnectionSigma EntertainmentJapão" 
"";"Venus SenkiVarieJapão" 
"";"Viva Las VegasEpic Sony RecordVegas Dream" 
"";"Volguard IIDB SoftJapão" 
"";"VolleyballNintendo" 
"";"" 
"";"Wagyan LandNamcoJapão" 
"";"Wagyan Land 2NamcoJapão" 
"";"Wagyan Land 3NamcoJapão" 
"";"Wai Wai WorldKonamiJapão" 
"";"Wai Wai World 2: SOS!! Paseri JouKonamiJapão" 
"";"Wait and See!Looney TunesNu, pogodi!" 
"";"Wanpaku Duck Yume BoukenCapcomDuckTales" 
"";"Wanpaku Kokkun no Gourmet WorldTaitoPanic Restaurant" 
"";"Wario no MoriNintendoWario's Woods" 
"";"WarpmanNamcoJapão" 
"";"Western KidsViscoCowboy Kid" 
"";"White Lion DensetsuKemco" 
"";"Wild GunmanNintendo" 
"";"Wily & Right no RockBoard: That's ParadiseCapcomJapão" 
"";"Wing of MadoolaSunsoftJapão" 
"";"Winners CupData EastJapão" 
"";"Winter GamesPony Canyon" 
"";"Wit'sAthenaJapão" 
"";"Wizardry: Proving Grounds of the Mad OverlordASCII Entertainment" 
"";"Wizardry II: The Knight of DiamondsASCII Entertainment" 
"";"Wizardry III: Legacy of LlylgamynASCII EntertainmentJapão" 
"";"Woody PokodB-SoftJapão" 
"";"World BoxingT.S.S.Japão" 
"";"World Grand-Prix - Pole To FinishData EastAl Unser Jr.'s Turbo Racing" 
"";"World Heroes 2" 
"";"World Super TennisAsmikEvert and Lendl Top Players' TennisFour Players' Tennis" 
"";"Wrecking CrewNintendo" 
"";"WWF WrestleMania ChallengeHot-B" 
"";"" 
"";"XeviousNamco" 
"";"" 
"";"Yie Ar Kung FuKonamiJapão" 
"";"Yoshi no CookieNintendoYoshi's Cookie" 
"";"Yoshi no TamagoNintendoYoshi" 
"";"Youkai DouchuukiNamcoJapãoShadow Land" 
"";"Youkai ClubJalecoJapão" 
"";"Yousei Monogatari RodLandJalecoRodland" 
"";"YsVictor InteractiveJapão" 
"";"Victor InteractiveJapão" 
"";"Victor InteractiveJapão" 
"";"Yume Kōjō: Doki Doki PanicNintendo EADJapão" 
"";"Yume Penguin MonogatariKonamiJapão" 
"";"Yuu Yuu HakushoBandaiJapão" 
"";"" 
"";"ZanacPony Canyon" 
"";"Zenbi Pro BasketballVic TokaiJapão" 
"";"Zippy RaceIremJapão" 
"";"ZoidsToshiba EMIJapão" 
"";"Zoids 2Toshiba EMIJapão" 
"";"Zoids MokushirokuTomyJapão" 
"";"Zombie HunterHi-Score Media WorkJapão" 
"";"Zunou Senkan GalgDB SoftJapão" 
